{"name":"bc708e31-9f16-4a07-b577-254b03c5cf95","id":"/providers/Microsoft.Flow/flows/bc708e31-9f16-4a07-b577-254b03c5cf95","type":"Microsoft.Flow/flows","properties":{"apiId":"/providers/Microsoft.PowerApps/apis/shared_logicflows","displayName":"Copy of - Vitality EC & Software Requests (Existing Vendors) - 2","definition":{"metadata":{"workflowEntityId":null,"processAdvisorMetadata":null,"flowChargedByPaygo":null,"flowclientsuspensionreason":"None","flowclientsuspensiontime":null,"flowclientsuspensionreasondetails":null,"creator":{"id":"2bacd345-c9f6-4e92-b8a1-e786f0e778aa","type":"User","tenantId":"6d42f857-323b-499f-b352-d1fa626babf4"},"provisioningMethod":"FromDefinition","failureAlertSubscription":true,"clientLastModifiedTime":"2023-11-26T07:03:33.8632583Z"},"$schema":"https://schema.management.azure.com/providers/Microsoft.Logic/schemas/2016-06-01/workflowdefinition.json#","contentVersion":"1.0.0.0","parameters":{"$connections":{"defaultValue":{},"type":"Object"},"$authentication":{"defaultValue":{},"type":"SecureObject"}},"triggers":{"When_an_item_is_created_or_modified":{"recurrence":{"frequency":"Minute","interval":5},"splitOn":"@triggerOutputs()?['body/value']","metadata":{"operationMetadataId":"4bd2eb10-8dcd-49cc-a7d4-0414ba792a46"},"type":"OpenApiConnection","inputs":{"host":{"apiId":"/providers/Microsoft.PowerApps/apis/shared_sharepointonline","connectionName":"shared_sharepointonline","operationId":"GetOnUpdatedItems"},"parameters":{"dataset":"https://xdzvk.sharepoint.com/sites/eCommerce","table":"d415a42a-6fc2-495f-a0be-7601ae172189"},"authentication":"@parameters('$authentication')"},"conditions":[{"expression":"@equals(triggerBody()?['PATrigger']?['Value'],'Yes')"}]}},"actions":{"Get_item":{"runAfter":{},"metadata":{"operationMetadataId":"6b71ac06-98e7-4e27-8953-4e71ade8621b"},"type":"OpenApiConnection","inputs":{"host":{"apiId":"/providers/Microsoft.PowerApps/apis/shared_sharepointonline","connectionName":"shared_sharepointonline","operationId":"GetItem"},"parameters":{"dataset":"https://xdzvk.sharepoint.com/sites/eCommerce","table":"d415a42a-6fc2-495f-a0be-7601ae172189","id":"@triggerOutputs()?['body/ID']"},"authentication":"@parameters('$authentication')"}},"SiteUrl":{"runAfter":{"Get_items":["Succeeded"]},"metadata":{"operationMetadataId":"543c4865-727e-4b16-a672-effb6764ce6e"},"type":"Compose","inputs":"https://xdzvk.sharepoint.com/sites/eCommerce"},"ListName":{"runAfter":{"SiteUrl":["Succeeded"]},"metadata":{"operationMetadataId":"149fd9b0-73d1-4f8c-9ae3-5a24afb51155"},"type":"Compose","inputs":"Vitality EC & Software Requests (Existing Vendors)"},"Get_items":{"runAfter":{"Get_item":["Succeeded"]},"metadata":{"operationMetadataId":"aa0ad3ce-1432-4a10-92e0-7f477c493053"},"type":"OpenApiConnection","inputs":{"host":{"apiId":"/providers/Microsoft.PowerApps/apis/shared_sharepointonline","connectionName":"shared_sharepointonline","operationId":"GetItems"},"parameters":{"dataset":"https://xdzvk.sharepoint.com/sites/eCommerce","table":"f172378e-5e58-4429-b1fa-d575fcb7a500","$filter":"ID eq '@{outputs('Get_item')?['body/Project_x0020__x002f__x0020_Init/Id']}'"},"authentication":"@parameters('$authentication')"}},"List_metadata":{"runAfter":{"ListName":["Succeeded"]},"metadata":{"operationMetadataId":"2a68353e-1e35-44b1-9b12-35076dad6df9"},"type":"Compose","inputs":"SP.Data.Vitality_x0020_EC_x0020__x0020_Software_x0020_Requests_x0020_Existing_x0020_VendorsListItem"},"ApproverComments":{"runAfter":{"List_metadata":["Succeeded"]},"metadata":{"operationMetadataId":"dcf68207-26a2-4816-94c6-e2a11eb371e4"},"type":"InitializeVariable","inputs":{"variables":[{"name":"varApproverComments","type":"string","value":"@outputs('Get_item')?['body/ApproverComments']"}]}},"Scope_-send_email_to_group_-_Finance":{"actions":{"Finance":{"runAfter":{},"metadata":{"operationMetadataId":"94569284-d6db-4ce9-8f58-6d85e49523ad"},"type":"OpenApiConnection","inputs":{"host":{"apiId":"/providers/Microsoft.PowerApps/apis/shared_sharepointonline","connectionName":"shared_sharepointonline","operationId":"HttpRequest"},"parameters":{"dataset":"https://xdzvk.sharepoint.com/sites/eCommerce","parameters/method":"GET","parameters/uri":"_api/Web/SiteGroups/GetByID(13)/users"},"authentication":"@parameters('$authentication')"}},"Select2":{"runAfter":{"Finance":["Succeeded"]},"metadata":{"operationMetadataId":"0707294f-9f2d-4ec9-9c19-e3376509fa2f"},"type":"Select","inputs":{"from":"@body('Finance')?['d']?['results']","select":"@item()?['Email']"},"description":"body('Finance')?['d']?['results']"},"Finance_-_Compose":{"runAfter":{"Select2":["Succeeded"]},"metadata":{"operationMetadataId":"105c3106-bc5e-4917-89e5-2dfe160d0db5"},"type":"Compose","inputs":"@join(body('Select2'),';')"}},"runAfter":{"Scope":["Succeeded"]},"metadata":{"operationMetadataId":"ab1df27f-f27e-4546-ac3b-9395f34c4edb"},"type":"Scope"},"ApproverOutcome":{"runAfter":{"ApproverComments":["Succeeded"]},"metadata":{"operationMetadataId":"dcf68207-26a2-4816-94c6-e2a11eb371e4"},"type":"InitializeVariable","inputs":{"variables":[{"name":"varApproverOutcome","type":"string"}]}},"Attachments":{"runAfter":{"Finance_ApproverOutcome":["Succeeded"]},"metadata":{"operationMetadataId":"79749f0d-2d75-4134-a8fd-983672ae213f"},"type":"InitializeVariable","inputs":{"variables":[{"name":"varAttachmentArray","type":"array"}]}},"Attachment":{"actions":{"Get_attachments":{"runAfter":{},"metadata":{"operationMetadataId":"cb6a9594-8bf7-4d68-a9af-98c3bc92f1a4"},"type":"OpenApiConnection","inputs":{"host":{"apiId":"/providers/Microsoft.PowerApps/apis/shared_sharepointonline","connectionName":"shared_sharepointonline","operationId":"GetItemAttachments"},"parameters":{"dataset":"@outputs('SiteUrl')","table":"@outputs('ListName')","itemId":"@outputs('Get_item')?['body/ID']"},"authentication":"@parameters('$authentication')"}},"Apply_to_each":{"foreach":"@body('Get_attachments')","actions":{"Get_attachment_content":{"runAfter":{},"metadata":{"operationMetadataId":"eb9978c6-f245-4c5e-9d01-4ddc2a5d67c1"},"type":"OpenApiConnection","inputs":{"host":{"apiId":"/providers/Microsoft.PowerApps/apis/shared_sharepointonline","connectionName":"shared_sharepointonline","operationId":"GetAttachmentContent"},"parameters":{"dataset":"@outputs('SiteUrl')","table":"@outputs('ListName')","itemId":"@outputs('Get_item')?['body/ID']","attachmentId":"@item()?['Id']"},"authentication":"@parameters('$authentication')"}},"Append_to_array_variable":{"runAfter":{"Get_attachment_content":["Succeeded"]},"metadata":{"operationMetadataId":"b0200839-30a2-4aa3-9a7a-9233bd1fab3d"},"type":"AppendToArrayVariable","inputs":{"name":"varAttachmentArray","value":{"Name":"@item()?['DisplayName']","Content":"@body('Get_attachment_content')"}}}},"runAfter":{"Get_attachments":["Succeeded"]},"metadata":{"operationMetadataId":"7514cf2d-d3e7-452a-b3da-b852bb86074a"},"type":"Foreach"}},"runAfter":{"Scope_-send_email_to_group_-_Finance":["Succeeded"]},"metadata":{"operationMetadataId":"58daf9a3-c061-4745-bb7a-acef2d460ce0"},"type":"Scope"},"Legal_ApproverOutcome":{"runAfter":{"ApproverOutcome":["Succeeded"]},"metadata":{"operationMetadataId":"dcf68207-26a2-4816-94c6-e2a11eb371e4"},"type":"InitializeVariable","inputs":{"variables":[{"name":"varLegalApproverOutcome","type":"string"}]}},"Finance_ApproverOutcome":{"runAfter":{"Legal_ApproverOutcome":["Succeeded"]},"metadata":{"operationMetadataId":"dcf68207-26a2-4816-94c6-e2a11eb371e4"},"type":"InitializeVariable","inputs":{"variables":[{"name":"varFinanceApproverOutcome","type":"string"}]}},"Scope":{"actions":{"Legal_2":{"runAfter":{},"metadata":{"operationMetadataId":"94569284-d6db-4ce9-8f58-6d85e49523ad"},"type":"OpenApiConnection","inputs":{"host":{"apiId":"/providers/Microsoft.PowerApps/apis/shared_sharepointonline","connectionName":"shared_sharepointonline","operationId":"HttpRequest"},"parameters":{"dataset":"https://xdzvk.sharepoint.com/sites/eCommerce","parameters/method":"GET","parameters/uri":"_api/Web/SiteGroups/GetByID(14)/users"},"authentication":"@parameters('$authentication')"}},"Select":{"runAfter":{"Legal_2":["Succeeded"]},"metadata":{"operationMetadataId":"0707294f-9f2d-4ec9-9c19-e3376509fa2f"},"type":"Select","inputs":{"from":"@body('Legal_2')?['d']?['results']","select":"@item()?['Email']"}},"Compose_2":{"runAfter":{"Select":["Succeeded"]},"metadata":{"operationMetadataId":"105c3106-bc5e-4917-89e5-2dfe160d0db5"},"type":"Compose","inputs":"@join(body('Select'),';')"}},"runAfter":{"Initialize_variable":["Succeeded"]},"metadata":{"operationMetadataId":"d535e9ca-1417-4d31-8ae3-2170a9e53bee"},"type":"Scope"},"Initialize_variable":{"runAfter":{"Attachments":["Succeeded"]},"metadata":{"operationMetadataId":"a8373050-b60a-4f46-8256-ac64f8324ad1"},"type":"InitializeVariable","inputs":{"variables":[{"name":"DiffinTicks","type":"integer"}]}},"CostCenter_Approval_eq__New_or_Reject_":{"actions":{"Cost_Center_Approval":{"foreach":"@outputs('Get_items')?['body/value']","actions":{"CostCenterAction":{"runAfter":{},"metadata":{"operationMetadataId":"7e1a485b-2036-453b-bb82-2724d36e5b7c"},"type":"OpenApiConnectionWebhook","inputs":{"host":{"apiId":"/providers/Microsoft.PowerApps/apis/shared_approvals","connectionName":"shared_approvals","operationId":"StartAndWaitForAnApproval"},"parameters":{"approvalType":"Basic","WebhookApprovalCreationInput/title":"Cost Centre Approval","WebhookApprovalCreationInput/assignedTo":"@{items('Cost_Center_Approval')?['Cost_x0020_Center_x0020_Owner']};","WebhookApprovalCreationInput/details":"#### Please review the details below for cost center approval.\n**Request Type :** @{outputs('Get_item')?['body/Request_x0020_Type/Value']}\n**vendor :** @{outputs('Get_item')?['body/Vendor/Value']}\n**Target contract Start date :** @{outputs('Get_item')?['body/Target_x0020_Contract_x0020_Star']}\n**Target contract End date :** @{outputs('Get_item')?['body/Target_x0020_Contract_x0020_End_']}\n**Project / Initiative :** @{outputs('Get_item')?['body/Project_x0020__x002f__x0020_Init/Value']}\n**WBS Code # :** @{outputs('Get_item')?['body/WBS_x0020_Code_x0020__x0023_/Value']}\n**Total Contract Value (in USD) :** @{outputs('Get_item')?['body/Total_x0020_Contract_x0020_Value']}\n**Item link :** [@{outputs('Get_item')?['body/ID']}-@{outputs('Get_item')?['body/Title']}](@{outputs('Get_item')?['body/{Link}']})","WebhookApprovalCreationInput/enableNotifications":true,"WebhookApprovalCreationInput/enableReassignment":false},"authentication":"@parameters('$authentication')"}},"Cost_Center_OutCome":{"runAfter":{"Cost_Center_-_ApproverComments":["Succeeded"]},"cases":{"Approve":{"case":"Approve","actions":{"CostCenter_-_Approve":{"runAfter":{},"metadata":{"operationMetadataId":"879f9b4a-15cf-422e-a6fa-9e45b4820053"},"type":"OpenApiConnection","inputs":{"host":{"apiId":"/providers/Microsoft.PowerApps/apis/shared_sharepointonline","connectionName":"shared_sharepointonline","operationId":"HttpRequest"},"parameters":{"dataset":"https://xdzvk.sharepoint.com/sites/eCommerce","parameters/method":"PATCH","parameters/uri":"_api/web/lists/getbytitle('@{outputs('ListName')}')/items(@{outputs('Get_item')?['body/ID']})","parameters/headers":{"Accept":"application/json; odata=verbose","Content-Type":"application/json; odata=verbose","IF-MATCH":"*","X-HTTP-Method":"Merge"},"parameters/body":"{\n'__metadata': { 'type': '@{outputs('List_metadata')}'},\n'PATrigger': 'No',\n'PAStage':'CostCenter',\n'PAStatus':'@{outputs('CostCenterAction')?['body/outcome']}',\n'Cost_x0020_Center_x0020_Owner_x0':'Approve',\n'ApproverComments':'@{variables('varApproverComments')}'\n}"},"authentication":"@parameters('$authentication')"}}}},"Reject":{"case":"Reject","actions":{"CostCenter_-Reject":{"runAfter":{},"metadata":{"operationMetadataId":"879f9b4a-15cf-422e-a6fa-9e45b4820053"},"type":"OpenApiConnection","inputs":{"host":{"apiId":"/providers/Microsoft.PowerApps/apis/shared_sharepointonline","connectionName":"shared_sharepointonline","operationId":"HttpRequest"},"parameters":{"dataset":"https://xdzvk.sharepoint.com/sites/eCommerce","parameters/method":"PATCH","parameters/uri":"_api/web/lists/getbytitle('@{outputs('ListName')}')/items(@{outputs('Get_item')?['body/ID']})","parameters/headers":{"Accept":"application/json; odata=verbose","Content-Type":"application/json; odata=verbose","IF-MATCH":"*","X-HTTP-Method":"Merge"},"parameters/body":"{\n'__metadata': { 'type': '@{outputs('List_metadata')}'},\n'PATrigger': 'No',\n'PAStage':'CostCenter',\n'PAStatus':'@{outputs('CostCenterAction')?['body/outcome']}',\n'Cost_x0020_Center_x0020_Owner_x0':'Reject',\n'ApproverComments':'@{variables('varApproverComments')}'\n}"},"authentication":"@parameters('$authentication')"}}}}},"default":{"actions":{}},"expression":"@outputs('CostCenterAction')?['body/outcome']","metadata":{"operationMetadataId":"dbd87dbc-dfb7-44cc-95f4-c069d56ecc5d"},"type":"Switch"},"Cost_Center_-_ApproverOutcome":{"runAfter":{"CostCenterAction":["Succeeded"]},"metadata":{"operationMetadataId":"0fcddb09-7bad-4923-9189-8488ae4f2921"},"type":"AppendToStringVariable","inputs":{"name":"varApproverOutcome","value":"@outputs('CostCenterAction')?['body/outcome']"}},"Cost_Center_-_ApproverComments":{"runAfter":{"Cost_Center_-_ApproverOutcome":["Succeeded"]},"metadata":{"operationMetadataId":"0fcddb09-7bad-4923-9189-8488ae4f2921"},"type":"AppendToStringVariable","inputs":{"name":"varApproverComments","value":"@outputs('CostCenterAction')?['body/responseSummary']"}}},"runAfter":{},"metadata":{"operationMetadataId":"fbb654a1-23a4-4dbe-abae-abfe492ad198"},"type":"Foreach"},"Switch":{"runAfter":{"Cost_Center_Approval":["Succeeded"]},"cases":{"CostCenter_-_Approve":{"case":"Approve","actions":{"Dont_Delete":{"runAfter":{},"metadata":{"operationMetadataId":"40fb16cb-54e0-4b64-a904-29e2ec2d92ed"},"type":"Compose","inputs":"@null"},"Finance_Approval":{"foreach":"@outputs('Get_items')?['body/value']","actions":{"Finance_Approval_":{"runAfter":{},"metadata":{"operationMetadataId":"04da0667-f708-4ea4-b343-d57e3fd3b139"},"type":"OpenApiConnectionWebhook","inputs":{"host":{"apiId":"/providers/Microsoft.PowerApps/apis/shared_approvals","connectionName":"shared_approvals","operationId":"StartAndWaitForAnApproval"},"parameters":{"approvalType":"Basic","WebhookApprovalCreationInput/title":"Finance Approval","WebhookApprovalCreationInput/assignedTo":"@{outputs('Finance_-_Compose')};","WebhookApprovalCreationInput/details":"#### Please review the details below for finance approval.\n**Request Type :** @{outputs('Get_item')?['body/Request_x0020_Type/Value']}\n**vendor :** @{outputs('Get_item')?['body/Vendor/Value']}\n**Target contract Start date :** @{outputs('Get_item')?['body/Target_x0020_Contract_x0020_Star']}\n**Target contract End date :** @{outputs('Get_item')?['body/Target_x0020_Contract_x0020_End_']}\n**Target contract / End date :** @{outputs('Get_item')?['body/Project_x0020__x002f__x0020_Init/Value']}\n**Project / Initiative :** @{outputs('Get_item')?['body/Project_x0020__x002f__x0020_Init/Value']}\n**Total Contract Value (in USD) :** @{outputs('Get_item')?['body/Total_x0020_Contract_x0020_Value']}\n**WBS Code # :** @{outputs('Get_item')?['body/WBS_x0020_Code_x0020__x0023_/Value']}\n**Item link :** [@{outputs('Get_item')?['body/ID']}-@{outputs('Get_item')?['body/Title']}](@{outputs('Get_item')?['body/{Link}']})","WebhookApprovalCreationInput/itemLink":"@outputs('Get_item')?['body/{Link}']","WebhookApprovalCreationInput/enableNotifications":true,"WebhookApprovalCreationInput/enableReassignment":false,"WebhookApprovalCreationInput/attachments":"@variables('varAttachmentArray')"},"authentication":"@parameters('$authentication')"}},"Finance_Approval_OutCome":{"runAfter":{"Finance_Approval-_ApproverComments":["Succeeded"]},"cases":{"Approve":{"case":"Approve","actions":{"Finance_-_Approve":{"runAfter":{},"metadata":{"operationMetadataId":"879f9b4a-15cf-422e-a6fa-9e45b4820053"},"type":"OpenApiConnection","inputs":{"host":{"apiId":"/providers/Microsoft.PowerApps/apis/shared_sharepointonline","connectionName":"shared_sharepointonline","operationId":"HttpRequest"},"parameters":{"dataset":"https://xdzvk.sharepoint.com/sites/eCommerce","parameters/method":"PATCH","parameters/uri":"_api/web/lists/getbytitle('@{outputs('ListName')}')/items(@{outputs('Get_item')?['body/ID']})","parameters/headers":{"Accept":"application/json; odata=verbose","Content-Type":"application/json; odata=verbose","IF-MATCH":"*","X-HTTP-Method":"Merge"},"parameters/body":"{\n'__metadata': { 'type': '@{outputs('List_metadata')}'},\n'PATrigger': 'No',\n'PAStage':'Finance',\n'PAStatus':'@{outputs('Finance_Approval_')?['body/outcome']}',\n'FinanceApproverStatus':'Approve',\n'ApproverComments':'@{variables('varApproverComments')}'\n}"},"authentication":"@parameters('$authentication')"}}}},"Reject":{"case":"Reject","actions":{"Finance_-Reject":{"runAfter":{},"metadata":{"operationMetadataId":"879f9b4a-15cf-422e-a6fa-9e45b4820053"},"type":"OpenApiConnection","inputs":{"host":{"apiId":"/providers/Microsoft.PowerApps/apis/shared_sharepointonline","connectionName":"shared_sharepointonline","operationId":"HttpRequest"},"parameters":{"dataset":"https://xdzvk.sharepoint.com/sites/eCommerce","parameters/method":"PATCH","parameters/uri":"_api/web/lists/getbytitle('@{outputs('ListName')}')/items(@{outputs('Get_item')?['body/ID']})","parameters/headers":{"Accept":"application/json; odata=verbose","Content-Type":"application/json; odata=verbose","IF-MATCH":"*","X-HTTP-Method":"Merge"},"parameters/body":"{\n'__metadata': { 'type': '@{outputs('List_metadata')}'},\n'PATrigger': 'No',\n'PAStage':'Finance',\n'PAStatus':'@{outputs('Finance_Approval_')?['body/outcome']}',\n'FinanceApproverStatus':'Reject',\n'ApproverComments':'@{variables('varApproverComments')}'\n}"},"authentication":"@parameters('$authentication')"}}}}},"default":{"actions":{}},"expression":"@outputs('Finance_Approval_')?['body/outcome']","metadata":{"operationMetadataId":"09549dde-a524-48dd-a18b-77120dcaa461"},"type":"Switch"},"Set_variable_2":{"runAfter":{"Finance_Approval_OutCome":["Succeeded"]},"metadata":{"operationMetadataId":"711fdc5e-eb71-4d77-bdb1-f443cba936ac"},"type":"SetVariable","inputs":{"name":"varFinanceApproverOutcome","value":"@outputs('Finance_Approval_')?['body/outcome']"}},"Finance_Approval-_ApproverComments":{"runAfter":{"Finance_Approval_":["Succeeded"]},"metadata":{"operationMetadataId":"ab8bb557-9eb7-4d3c-8ba9-d21888345a19"},"type":"AppendToStringVariable","inputs":{"name":"varApproverComments","value":"@outputs('Finance_Approval_')?['body/responseSummary']"}}},"runAfter":{"Dont_Delete":["Succeeded"]},"metadata":{"operationMetadataId":"fbb654a1-23a4-4dbe-abae-abfe492ad198"},"type":"Foreach"},"Legal_Approval":{"foreach":"@outputs('Get_items')?['body/value']","actions":{"Legal_Approval_":{"runAfter":{},"metadata":{"operationMetadataId":"04da0667-f708-4ea4-b343-d57e3fd3b139"},"type":"OpenApiConnectionWebhook","inputs":{"host":{"apiId":"/providers/Microsoft.PowerApps/apis/shared_approvals","connectionName":"shared_approvals","operationId":"StartAndWaitForAnApproval"},"parameters":{"approvalType":"Basic","WebhookApprovalCreationInput/title":"Legal Approval","WebhookApprovalCreationInput/assignedTo":"@{outputs('Compose_2')};","WebhookApprovalCreationInput/details":"#### Please review the details below for legal approval.\n**Request Type :** @{outputs('Get_item')?['body/Request_x0020_Type/Value']}\n**vendor :** @{outputs('Get_item')?['body/Vendor/Value']}\n**Target contract Start date :** @{outputs('Get_item')?['body/Target_x0020_Contract_x0020_Star']}\n**Target contract End date :** @{outputs('Get_item')?['body/Target_x0020_Contract_x0020_End_']}\n**Target contract / End date :** @{outputs('Get_item')?['body/Project_x0020__x002f__x0020_Init/Value']}\n**Project / Initiative :** @{outputs('Get_item')?['body/Project_x0020__x002f__x0020_Init/Value']}\n**Total Contract Value (in USD) :** @{outputs('Get_item')?['body/Total_x0020_Contract_x0020_Value']}\n**WBS Code # :** @{outputs('Get_item')?['body/WBS_x0020_Code_x0020__x0023_/Value']}\n**Item link :** [@{outputs('Get_item')?['body/ID']}-@{outputs('Get_item')?['body/Title']}](@{outputs('Get_item')?['body/{Link}']})","WebhookApprovalCreationInput/itemLink":"@outputs('Get_item')?['body/{Link}']","WebhookApprovalCreationInput/enableNotifications":true,"WebhookApprovalCreationInput/enableReassignment":false,"WebhookApprovalCreationInput/attachments":"@variables('varAttachmentArray')"},"authentication":"@parameters('$authentication')"}},"Legal_Approval_OutCome_2":{"runAfter":{"Legal_Approval-_ApproverComments":["Succeeded"]},"cases":{"Approve":{"case":"Approve","actions":{"Legal_-_Approve_2":{"runAfter":{},"metadata":{"operationMetadataId":"879f9b4a-15cf-422e-a6fa-9e45b4820053"},"type":"OpenApiConnection","inputs":{"host":{"apiId":"/providers/Microsoft.PowerApps/apis/shared_sharepointonline","connectionName":"shared_sharepointonline","operationId":"HttpRequest"},"parameters":{"dataset":"https://xdzvk.sharepoint.com/sites/eCommerce","parameters/method":"PATCH","parameters/uri":"_api/web/lists/getbytitle('@{outputs('ListName')}')/items(@{outputs('Get_item')?['body/ID']})","parameters/headers":{"Accept":"application/json; odata=verbose","Content-Type":"application/json; odata=verbose","IF-MATCH":"*","X-HTTP-Method":"Merge"},"parameters/body":"{\n'__metadata': { 'type': '@{outputs('List_metadata')}'},\n'PATrigger': 'No',\n'PAStage':'Legal',\n'PAStatus':'@{outputs('Legal_Approval_')?['body/outcome']}',\n'LegalApproverStatus':'Approve',\n'ApproverComments':'@{variables('varApproverComments')}'\n}"},"authentication":"@parameters('$authentication')"}}}},"Reject":{"case":"Reject","actions":{"Legal_-Reject_2":{"runAfter":{},"metadata":{"operationMetadataId":"879f9b4a-15cf-422e-a6fa-9e45b4820053"},"type":"OpenApiConnection","inputs":{"host":{"apiId":"/providers/Microsoft.PowerApps/apis/shared_sharepointonline","connectionName":"shared_sharepointonline","operationId":"HttpRequest"},"parameters":{"dataset":"https://xdzvk.sharepoint.com/sites/eCommerce","parameters/method":"PATCH","parameters/uri":"_api/web/lists/getbytitle('@{outputs('ListName')}')/items(@{outputs('Get_item')?['body/ID']})","parameters/headers":{"Accept":"application/json; odata=verbose","Content-Type":"application/json; odata=verbose","IF-MATCH":"*","X-HTTP-Method":"Merge"},"parameters/body":"{\n'__metadata': { 'type': '@{outputs('List_metadata')}'},\n'PATrigger': 'No',\n'PAStage':'Legal',\n'PAStatus':'@{outputs('Legal_Approval_')?['body/outcome']}',\n'LegalApproverStatus':'Reject',\n'ApproverComments':'@{variables('varApproverComments')}'\n}"},"authentication":"@parameters('$authentication')"}}}}},"default":{"actions":{}},"expression":"@outputs('Legal_Approval_')?['body/outcome']","metadata":{"operationMetadataId":"09549dde-a524-48dd-a18b-77120dcaa461"},"type":"Switch"},"Set_variable_3":{"runAfter":{"Legal_Approval_OutCome_2":["Succeeded"]},"metadata":{"operationMetadataId":"a82a2de5-dcdb-40a9-8c4e-1f735aa2a1f0"},"type":"SetVariable","inputs":{"name":"varLegalApproverOutcome","value":"@outputs('Legal_Approval_')?['body/outcome']"}},"Legal_Approval-_ApproverComments":{"runAfter":{"Legal_Approval_":["Succeeded"]},"metadata":{"operationMetadataId":"ab8bb557-9eb7-4d3c-8ba9-d21888345a19"},"type":"AppendToStringVariable","inputs":{"name":"varApproverComments","value":"@outputs('Legal_Approval_')?['body/responseSummary']"}}},"runAfter":{"Dont_Delete":["Succeeded"]},"metadata":{"operationMetadataId":"fbb654a1-23a4-4dbe-abae-abfe492ad198"},"type":"Foreach"},"Condition":{"actions":{"Send_an_email_(V2)":{"runAfter":{},"metadata":{"operationMetadataId":"de27b99f-1764-424b-90f4-81e39c33f0db"},"type":"OpenApiConnection","inputs":{"host":{"apiId":"/providers/Microsoft.PowerApps/apis/shared_office365","connectionName":"shared_office365","operationId":"SendEmailV2"},"parameters":{"emailMessage/To":"ChennareddyA@xdzvk.onmicrosoft.com","emailMessage/Subject":"@{outputs('Get_item')?['body/ID']}- Approved","emailMessage/Body":"<p>@{outputs('Get_item')?['body/ID']}- please approve&nbsp;</p>","emailMessage/Cc":"goutham.thoutu@xdzvk.onmicrosoft.com","emailMessage/Importance":"Normal"},"authentication":"@parameters('$authentication')"}},"Signatories_Master_List":{"runAfter":{"Send_an_email_(V2)":["Succeeded"]},"metadata":{"operationMetadataId":"879f9b4a-15cf-422e-a6fa-9e45b4820053"},"type":"OpenApiConnection","inputs":{"host":{"apiId":"/providers/Microsoft.PowerApps/apis/shared_sharepointonline","connectionName":"shared_sharepointonline","operationId":"HttpRequest"},"parameters":{"dataset":"@outputs('SiteUrl')","parameters/method":"PATCH","parameters/uri":"_api/web/lists/getbytitle('@{outputs('ListName')}')/items(@{outputs('Get_item')?['body/ID']})","parameters/headers":{"Accept":"application/json; odata=verbose","Content-Type":"application/json; odata=verbose","IF-MATCH":"*","X-HTTP-Method":"Merge"},"parameters/body":"{\n'__metadata': { 'type': '@{outputs('List_metadata')}'},\n'PATrigger': 'No',\n'PAStage':'Signatory',\n'PAStatus':'Pending for Signatory',\n'ApproverComments':'@{variables('varApproverComments')}'\n}"},"authentication":"@parameters('$authentication')"}},"Signatories_Approval":{"runAfter":{"Compose":["Succeeded"]},"metadata":{"operationMetadataId":"04da0667-f708-4ea4-b343-d57e3fd3b139"},"type":"OpenApiConnectionWebhook","inputs":{"host":{"apiId":"/providers/Microsoft.PowerApps/apis/shared_approvals","connectionName":"shared_approvals","operationId":"StartAndWaitForAnApproval"},"parameters":{"approvalType":"Basic","WebhookApprovalCreationInput/title":"Signatories Approval","WebhookApprovalCreationInput/assignedTo":"@{outputs('Compose')};","WebhookApprovalCreationInput/details":"#### Please review the details below for signatories approval.\n**Request Type :** @{outputs('Get_item')?['body/Request_x0020_Type/Value']}\n**vendor :** @{outputs('Get_item')?['body/Vendor/Value']}\n**Target contract Start date :** @{outputs('Get_item')?['body/Target_x0020_Contract_x0020_Star']}\n**Target contract End date :** @{outputs('Get_item')?['body/Target_x0020_Contract_x0020_End_']}\n**Target contract / End date :** @{outputs('Get_item')?['body/Project_x0020__x002f__x0020_Init/Value']}\n**Project / Initiative :** @{outputs('Get_item')?['body/Project_x0020__x002f__x0020_Init/Value']}\n**Total Contract Value (in USD) :** @{outputs('Get_item')?['body/Total_x0020_Contract_x0020_Value']}\n**WBS Code # :** @{outputs('Get_item')?['body/WBS_x0020_Code_x0020__x0023_/Value']}\n**Item link :** [@{outputs('Get_item')?['body/ID']}-@{outputs('Get_item')?['body/Title']}](@{outputs('Get_item')?['body/{Link}']})","WebhookApprovalCreationInput/itemLink":"@outputs('Get_item')?['body/{Link}']","WebhookApprovalCreationInput/enableNotifications":true,"WebhookApprovalCreationInput/enableReassignment":false,"WebhookApprovalCreationInput/attachments":"@variables('varAttachmentArray')"},"authentication":"@parameters('$authentication')"}},"Signatory_Outcome":{"actions":{"CreatedDate":{"runAfter":{},"metadata":{"operationMetadataId":"c5be134a-18c3-4f97-9c5f-69db0ce31268"},"type":"Compose","inputs":"@ticks(formatDateTime(outputs('Get_item')?['body/Created'], 'yyyy/MM/dd'))"},"Signatory_-_Approve":{"runAfter":{"DaysDiff":["Succeeded"]},"metadata":{"operationMetadataId":"879f9b4a-15cf-422e-a6fa-9e45b4820053"},"type":"OpenApiConnection","inputs":{"host":{"apiId":"/providers/Microsoft.PowerApps/apis/shared_sharepointonline","connectionName":"shared_sharepointonline","operationId":"HttpRequest"},"parameters":{"dataset":"https://xdzvk.sharepoint.com/sites/eCommerce","parameters/method":"PATCH","parameters/uri":"_api/web/lists/getbytitle('@{outputs('ListName')}')/items(@{outputs('Get_item')?['body/ID']})","parameters/headers":{"Accept":"application/json; odata=verbose","Content-Type":"application/json; odata=verbose","IF-MATCH":"*","X-HTTP-Method":"Merge"},"parameters/body":"{\n'__metadata': { 'type': '@{outputs('List_metadata')}'},\n'PATrigger': 'No',\n'PAStage':'Complete',\n'PAStatus':'@{outputs('Signatories_Approval')?['body/outcome']}',\n'ApproverComments':'@{variables('varApproverComments')}',\n'SignatoryApproverStatus':'Approve',\n'Duration':'@{outputs('DaysDiff')}'\n}"},"authentication":"@parameters('$authentication')"}},"TodayDate":{"runAfter":{"CreatedDate":["Succeeded"]},"metadata":{"operationMetadataId":"c8e9b53f-e013-45ac-922c-3b6ff87a91fc"},"type":"Compose","inputs":"@ticks(formatDateTime(utcNow(), 'yyyy/MM/dd'))"},"Set_variable":{"runAfter":{"TodayDate":["Succeeded"]},"metadata":{"operationMetadataId":"3d6d904a-8249-4158-b9ca-1dca789cec36"},"type":"SetVariable","inputs":{"name":"DiffinTicks","value":"@sub(outputs('TodayDate'), outputs('CreatedDate'))"}},"DaysDiff":{"runAfter":{"Set_variable":["Succeeded"]},"metadata":{"operationMetadataId":"ff4aa772-7fb7-43e0-a230-721da7744bdb"},"type":"Compose","inputs":"@div(variables('DiffinTicks'),864000000000)"}},"runAfter":{"Signatory_Approval-_ApproverComments":["Succeeded"]},"else":{"actions":{"Signatory_-_Reject":{"runAfter":{},"metadata":{"operationMetadataId":"879f9b4a-15cf-422e-a6fa-9e45b4820053"},"type":"OpenApiConnection","inputs":{"host":{"apiId":"/providers/Microsoft.PowerApps/apis/shared_sharepointonline","connectionName":"shared_sharepointonline","operationId":"HttpRequest"},"parameters":{"dataset":"https://xdzvk.sharepoint.com/sites/eCommerce","parameters/method":"PATCH","parameters/uri":"_api/web/lists/getbytitle('@{outputs('ListName')}')/items(@{outputs('Get_item')?['body/ID']})","parameters/headers":{"Accept":"application/json; odata=verbose","Content-Type":"application/json; odata=verbose","IF-MATCH":"*","X-HTTP-Method":"Merge"},"parameters/body":"{\n'__metadata': { 'type': '@{outputs('List_metadata')}'},\n'PATrigger': 'No',\n'PAStage':'Signatory',\n'PAStatus':'@{outputs('Signatories_Approval')?['body/outcome']}',\n'SignatoryApproverStatus':'Reject',\n'LegalApproverStatus':'Reject',\n'FinanceApproverStatus':'Reject',\n'ApproverComments':'@{variables('varApproverComments')}'\n}"},"authentication":"@parameters('$authentication')"}}}},"expression":{"equals":["@outputs('Signatories_Approval')?['body/outcome']","Approve"]},"metadata":{"operationMetadataId":"895ead8c-9a28-4ac7-b61f-cd14a77bb594"},"type":"If"},"Compose":{"runAfter":{"Get_item_2":["Succeeded"]},"metadata":{"operationMetadataId":"0fb9b758-9756-4d93-8e78-44db364e0b7f"},"type":"Compose","inputs":"@outputs('Get_item_2')?['body/Signatories_x0020_Approver_x0020']"},"Get_item_2":{"runAfter":{"Signatories_Master_List":["Succeeded"]},"metadata":{"operationMetadataId":"54c3e521-df66-4cdc-a513-a6fd5c3d842d"},"type":"OpenApiConnection","inputs":{"host":{"apiId":"/providers/Microsoft.PowerApps/apis/shared_sharepointonline","connectionName":"shared_sharepointonline","operationId":"GetItem"},"parameters":{"dataset":"https://xdzvk.sharepoint.com/sites/eCommerce","table":"d415a42a-6fc2-495f-a0be-7601ae172189","id":"@outputs('Get_item')?['body/ID']"},"authentication":"@parameters('$authentication')"}},"Signatory_Approval-_ApproverComments":{"runAfter":{"Signatories_Approval":["Succeeded"]},"metadata":{"operationMetadataId":"ab8bb557-9eb7-4d3c-8ba9-d21888345a19"},"type":"AppendToStringVariable","inputs":{"name":"varApproverComments","value":"@outputs('Signatories_Approval')?['body/responseSummary']"}}},"runAfter":{"Finance_Approval":["Succeeded"],"Legal_Approval":["Succeeded"]},"expression":{"and":[{"equals":["@variables('varFinanceApproverOutcome')","Approve"]},{"equals":["@variables('varLegalApproverOutcome')","Approve"]}]},"metadata":{"operationMetadataId":"24e748fa-e641-4e12-958a-ddc5859d211f"},"type":"If"}}}},"default":{"actions":{}},"expression":"@variables('varApproverOutcome')","metadata":{"operationMetadataId":"eae675d8-b156-452e-9631-c9b8abe60001"},"type":"Switch"}},"runAfter":{"Attachment":["Succeeded"]},"else":{"actions":{"Cost_Center_eq_Approve":{"actions":{"Dont_Delete_2":{"runAfter":{},"metadata":{"operationMetadataId":"a33fd728-c83a-4623-86ba-6d48ce303fa9"},"type":"Compose","inputs":"@null"},"Legal_Approval_2":{"foreach":"@outputs('Get_items')?['body/value']","actions":{"Legal_Approval__2":{"runAfter":{},"metadata":{"operationMetadataId":"04da0667-f708-4ea4-b343-d57e3fd3b139"},"type":"OpenApiConnectionWebhook","inputs":{"host":{"apiId":"/providers/Microsoft.PowerApps/apis/shared_approvals","connectionName":"shared_approvals","operationId":"StartAndWaitForAnApproval"},"parameters":{"approvalType":"Basic","WebhookApprovalCreationInput/title":"Legal Approval","WebhookApprovalCreationInput/assignedTo":"@{outputs('Compose_2')};","WebhookApprovalCreationInput/details":"#### Please review the details below for legal approval.\n**Request Type :** @{outputs('Get_item')?['body/Request_x0020_Type/Value']}\n**vendor :** @{outputs('Get_item')?['body/Vendor/Value']}\n**Target contract Start date :** @{outputs('Get_item')?['body/Target_x0020_Contract_x0020_Star']}\n**Target contract End date :** @{outputs('Get_item')?['body/Target_x0020_Contract_x0020_End_']}\n**Target contract / End date :** @{outputs('Get_item')?['body/Project_x0020__x002f__x0020_Init/Value']}\n**Project / Initiative :** @{outputs('Get_item')?['body/Project_x0020__x002f__x0020_Init/Value']}\n**Total Contract Value (in USD) :** @{outputs('Get_item')?['body/Total_x0020_Contract_x0020_Value']}\n**WBS Code # :** @{outputs('Get_item')?['body/WBS_x0020_Code_x0020__x0023_/Value']}\n**Item link :** [@{outputs('Get_item')?['body/ID']}-@{outputs('Get_item')?['body/Title']}](@{outputs('Get_item')?['body/{Link}']})","WebhookApprovalCreationInput/itemLink":"@outputs('Get_item')?['body/{Link}']","WebhookApprovalCreationInput/enableNotifications":true,"WebhookApprovalCreationInput/enableReassignment":false,"WebhookApprovalCreationInput/attachments":"@variables('varAttachmentArray')"},"authentication":"@parameters('$authentication')"}},"Legal_Approval_OutCome":{"runAfter":{"Legal_Approval-_ApproverComments_2":["Succeeded"]},"cases":{"Approve":{"case":"Approve","actions":{"Legal_-_Approve":{"runAfter":{},"metadata":{"operationMetadataId":"879f9b4a-15cf-422e-a6fa-9e45b4820053"},"type":"OpenApiConnection","inputs":{"host":{"apiId":"/providers/Microsoft.PowerApps/apis/shared_sharepointonline","connectionName":"shared_sharepointonline","operationId":"HttpRequest"},"parameters":{"dataset":"https://xdzvk.sharepoint.com/sites/eCommerce","parameters/method":"PATCH","parameters/uri":"_api/web/lists/getbytitle('@{outputs('ListName')}')/items(@{outputs('Get_item')?['body/ID']})","parameters/headers":{"Accept":"application/json; odata=verbose","Content-Type":"application/json; odata=verbose","IF-MATCH":"*","X-HTTP-Method":"Merge"},"parameters/body":"{\n'__metadata': { 'type': '@{outputs('List_metadata')}'},\n'PATrigger': 'No',\n'PAStage':'Legal',\n'LegalApproverStatus':'Approve',\n'PAStatus':'@{outputs('Legal_Approval__2')?['body/outcome']}',\n'ApproverComments':'@{variables('varApproverComments')}'\n}"},"authentication":"@parameters('$authentication')"}}}},"Reject":{"case":"Reject","actions":{"Legal_-Reject":{"runAfter":{},"metadata":{"operationMetadataId":"879f9b4a-15cf-422e-a6fa-9e45b4820053"},"type":"OpenApiConnection","inputs":{"host":{"apiId":"/providers/Microsoft.PowerApps/apis/shared_sharepointonline","connectionName":"shared_sharepointonline","operationId":"HttpRequest"},"parameters":{"dataset":"https://xdzvk.sharepoint.com/sites/eCommerce","parameters/method":"PATCH","parameters/uri":"_api/web/lists/getbytitle('@{outputs('ListName')}')/items(@{outputs('Get_item')?['body/ID']})","parameters/headers":{"Accept":"application/json; odata=verbose","Content-Type":"application/json; odata=verbose","IF-MATCH":"*","X-HTTP-Method":"Merge"},"parameters/body":"{\n'__metadata': { 'type': '@{outputs('List_metadata')}'},\n'PATrigger': 'No',\n'PAStage':'Legal',\n'LegalApproverStatus':'Reject',\n'PAStatus':'@{outputs('Legal_Approval__2')?['body/outcome']}',\n'ApproverComments':'@{variables('varApproverComments')}'\n}"},"authentication":"@parameters('$authentication')"}}}}},"default":{"actions":{}},"expression":"@outputs('Legal_Approval__2')?['body/outcome']","metadata":{"operationMetadataId":"09549dde-a524-48dd-a18b-77120dcaa461"},"type":"Switch"},"Set_variable_5":{"runAfter":{"Legal_Approval_OutCome":["Succeeded"]},"metadata":{"operationMetadataId":"ad7e7606-ebed-490d-8a4f-55f984cc3aa7"},"type":"SetVariable","inputs":{"name":"varLegalApproverOutcome","value":"@outputs('Legal_Approval__2')?['body/outcome']"}},"Legal_Approval-_ApproverComments_2":{"runAfter":{"Legal_Approval__2":["Succeeded"]},"metadata":{"operationMetadataId":"ab8bb557-9eb7-4d3c-8ba9-d21888345a19"},"type":"AppendToStringVariable","inputs":{"name":"varApproverComments","value":"@outputs('Legal_Approval__2')?['body/responseSummary']"}}},"runAfter":{"Dont_Delete_2":["Succeeded"]},"metadata":{"operationMetadataId":"fbb654a1-23a4-4dbe-abae-abfe492ad198"},"type":"Foreach"},"Finance_Approval_3":{"foreach":"@outputs('Get_items')?['body/value']","actions":{"Finance_Approval__3":{"runAfter":{},"metadata":{"operationMetadataId":"04da0667-f708-4ea4-b343-d57e3fd3b139"},"type":"OpenApiConnectionWebhook","inputs":{"host":{"apiId":"/providers/Microsoft.PowerApps/apis/shared_approvals","connectionName":"shared_approvals","operationId":"StartAndWaitForAnApproval"},"parameters":{"approvalType":"Basic","WebhookApprovalCreationInput/title":"Finance Approval","WebhookApprovalCreationInput/assignedTo":"@{outputs('Finance_-_Compose')};","WebhookApprovalCreationInput/details":"#### Please review the details below for finance approval.\n**Request Type :** @{outputs('Get_item')?['body/Request_x0020_Type/Value']}\n**vendor :** @{outputs('Get_item')?['body/Vendor/Value']}\n**Target contract Start date :** @{outputs('Get_item')?['body/Target_x0020_Contract_x0020_Star']}\n**Target contract End date :** @{outputs('Get_item')?['body/Target_x0020_Contract_x0020_End_']}\n**Target contract / End date :** @{outputs('Get_item')?['body/Project_x0020__x002f__x0020_Init/Value']}\n**Project / Initiative :** @{outputs('Get_item')?['body/Project_x0020__x002f__x0020_Init/Value']}\n**Total Contract Value (in USD) :** @{outputs('Get_item')?['body/Total_x0020_Contract_x0020_Value']}\n**WBS Code # :** @{outputs('Get_item')?['body/WBS_x0020_Code_x0020__x0023_/Value']}\n**Item link :** [@{outputs('Get_item')?['body/ID']}-@{outputs('Get_item')?['body/Title']}](@{outputs('Get_item')?['body/{Link}']})","WebhookApprovalCreationInput/itemLink":"@outputs('Get_item')?['body/{Link}']","WebhookApprovalCreationInput/enableNotifications":true,"WebhookApprovalCreationInput/enableReassignment":false,"WebhookApprovalCreationInput/attachments":"@variables('varAttachmentArray')"},"authentication":"@parameters('$authentication')"}},"Finance_Approval_OutCome_3":{"runAfter":{"Finance_Approval-_ApproverComments_3":["Succeeded"]},"cases":{"Approve":{"case":"Approve","actions":{"Finance_-_Approve_3":{"runAfter":{},"metadata":{"operationMetadataId":"879f9b4a-15cf-422e-a6fa-9e45b4820053"},"type":"OpenApiConnection","inputs":{"host":{"apiId":"/providers/Microsoft.PowerApps/apis/shared_sharepointonline","connectionName":"shared_sharepointonline","operationId":"HttpRequest"},"parameters":{"dataset":"https://xdzvk.sharepoint.com/sites/eCommerce","parameters/method":"PATCH","parameters/uri":"_api/web/lists/getbytitle('@{outputs('ListName')}')/items(@{outputs('Get_item')?['body/ID']})","parameters/headers":{"Accept":"application/json; odata=verbose","Content-Type":"application/json; odata=verbose","IF-MATCH":"*","X-HTTP-Method":"Merge"},"parameters/body":"{\n'__metadata': { 'type': '@{outputs('List_metadata')}'},\n'PATrigger': 'No',\n'PAStage':'Finance',\n'FinanceApproverStatus':'Approve',\n'PAStatus':'@{outputs('Finance_Approval__3')?['body/outcome']}',\n'ApproverComments':'@{variables('varApproverComments')}'\n}"},"authentication":"@parameters('$authentication')"}}}},"Reject":{"case":"Reject","actions":{"Finance_-Reject_3":{"runAfter":{},"metadata":{"operationMetadataId":"879f9b4a-15cf-422e-a6fa-9e45b4820053"},"type":"OpenApiConnection","inputs":{"host":{"apiId":"/providers/Microsoft.PowerApps/apis/shared_sharepointonline","connectionName":"shared_sharepointonline","operationId":"HttpRequest"},"parameters":{"dataset":"https://xdzvk.sharepoint.com/sites/eCommerce","parameters/method":"PATCH","parameters/uri":"_api/web/lists/getbytitle('@{outputs('ListName')}')/items(@{outputs('Get_item')?['body/ID']})","parameters/headers":{"Accept":"application/json; odata=verbose","Content-Type":"application/json; odata=verbose","IF-MATCH":"*","X-HTTP-Method":"Merge"},"parameters/body":"{\n'__metadata': { 'type': '@{outputs('List_metadata')}'},\n'PATrigger': 'No',\n'PAStage':'Finance',\n'FinanceApproverStatus':'Reject',\n'PAStatus':'@{outputs('Finance_Approval__3')?['body/outcome']}',\n'ApproverComments':'@{variables('varApproverComments')}'\n}"},"authentication":"@parameters('$authentication')"}}}}},"default":{"actions":{}},"expression":"@outputs('Finance_Approval__3')?['body/outcome']","metadata":{"operationMetadataId":"09549dde-a524-48dd-a18b-77120dcaa461"},"type":"Switch"},"Set_variable_6":{"runAfter":{"Finance_Approval_OutCome_3":["Succeeded"]},"metadata":{"operationMetadataId":"08a34454-c810-47cf-b7d9-3a943060fb49"},"type":"SetVariable","inputs":{"name":"varFinanceApproverOutcome","value":"@outputs('Finance_Approval__3')?['body/outcome']"}},"Finance_Approval-_ApproverComments_3":{"runAfter":{"Finance_Approval__3":["Succeeded"]},"metadata":{"operationMetadataId":"ab8bb557-9eb7-4d3c-8ba9-d21888345a19"},"type":"AppendToStringVariable","inputs":{"name":"varApproverComments","value":"@outputs('Finance_Approval__3')?['body/responseSummary']"}}},"runAfter":{"Dont_Delete_2":["Succeeded"]},"metadata":{"operationMetadataId":"fbb654a1-23a4-4dbe-abae-abfe492ad198"},"type":"Foreach"},"Condition_2":{"actions":{"Send_an_email_(V2)_2":{"runAfter":{},"metadata":{"operationMetadataId":"9eab6f12-54cb-48df-933a-3547b3abeccb"},"type":"OpenApiConnection","inputs":{"host":{"apiId":"/providers/Microsoft.PowerApps/apis/shared_office365","connectionName":"shared_office365","operationId":"SendEmailV2"},"parameters":{"emailMessage/To":"ChennareddyA@xdzvk.onmicrosoft.com","emailMessage/Subject":"@{outputs('Get_item')?['body/ID']}- Approved","emailMessage/Body":"<p>@{outputs('Get_item')?['body/ID']}- please approve&nbsp;</p>","emailMessage/Cc":"goutham.thoutu@xdzvk.onmicrosoft.com","emailMessage/Importance":"Normal"},"authentication":"@parameters('$authentication')"}},"Signatories_Master_List_2":{"runAfter":{"Send_an_email_(V2)_2":["Succeeded"]},"metadata":{"operationMetadataId":"879f9b4a-15cf-422e-a6fa-9e45b4820053"},"type":"OpenApiConnection","inputs":{"host":{"apiId":"/providers/Microsoft.PowerApps/apis/shared_sharepointonline","connectionName":"shared_sharepointonline","operationId":"HttpRequest"},"parameters":{"dataset":"@outputs('SiteUrl')","parameters/method":"PATCH","parameters/uri":"_api/web/lists/getbytitle('@{outputs('ListName')}')/items(@{outputs('Get_item')?['body/ID']})","parameters/headers":{"Accept":"application/json; odata=verbose","Content-Type":"application/json; odata=verbose","IF-MATCH":"*","X-HTTP-Method":"Merge"},"parameters/body":"{\n'__metadata': { 'type': '@{outputs('List_metadata')}'},\n'PATrigger': 'No',\n'PAStage':'Signatory',\n'PAStatus':'Pending for Signatory',\n'ApproverComments':'@{variables('varApproverComments')}'\n}"},"authentication":"@parameters('$authentication')"}},"Signatories_Approval_2":{"runAfter":{"Compose_3":["Succeeded"]},"metadata":{"operationMetadataId":"04da0667-f708-4ea4-b343-d57e3fd3b139"},"type":"OpenApiConnectionWebhook","inputs":{"host":{"apiId":"/providers/Microsoft.PowerApps/apis/shared_approvals","connectionName":"shared_approvals","operationId":"StartAndWaitForAnApproval"},"parameters":{"approvalType":"Basic","WebhookApprovalCreationInput/title":"Signatories Approval","WebhookApprovalCreationInput/assignedTo":"@{outputs('Compose_3')};","WebhookApprovalCreationInput/details":"#### Please review the details below for signatories approval.\n**Request Type :** @{outputs('Get_item')?['body/Request_x0020_Type/Value']}\n**vendor :** @{outputs('Get_item')?['body/Vendor/Value']}\n**Target contract Start date :** @{outputs('Get_item')?['body/Target_x0020_Contract_x0020_Star']}\n**Target contract End date :** @{outputs('Get_item')?['body/Target_x0020_Contract_x0020_End_']}\n**Target contract / End date :** @{outputs('Get_item')?['body/Project_x0020__x002f__x0020_Init/Value']}\n**Project / Initiative :** @{outputs('Get_item')?['body/Project_x0020__x002f__x0020_Init/Value']}\n**Total Contract Value (in USD) :** @{outputs('Get_item')?['body/Total_x0020_Contract_x0020_Value']}\n**WBS Code # :** @{outputs('Get_item')?['body/WBS_x0020_Code_x0020__x0023_/Value']}\n**Item link :** [@{outputs('Get_item')?['body/ID']}-@{outputs('Get_item')?['body/Title']}](@{outputs('Get_item')?['body/{Link}']})","WebhookApprovalCreationInput/itemLink":"@outputs('Get_item')?['body/{Link}']","WebhookApprovalCreationInput/enableNotifications":true,"WebhookApprovalCreationInput/enableReassignment":false,"WebhookApprovalCreationInput/attachments":"@variables('varAttachmentArray')"},"authentication":"@parameters('$authentication')"}},"Signatory_Outcome_2":{"actions":{"CreatedDate_2":{"runAfter":{},"metadata":{"operationMetadataId":"7cbe8459-6b18-4e86-bf7e-a344639e3a51"},"type":"Compose","inputs":"@ticks(formatDateTime(outputs('Get_item')?['body/Created'], 'yyyy/MM/dd'))"},"Signatory_-_Approve_2":{"runAfter":{"DaysDiff_2":["Succeeded"]},"metadata":{"operationMetadataId":"879f9b4a-15cf-422e-a6fa-9e45b4820053"},"type":"OpenApiConnection","inputs":{"host":{"apiId":"/providers/Microsoft.PowerApps/apis/shared_sharepointonline","connectionName":"shared_sharepointonline","operationId":"HttpRequest"},"parameters":{"dataset":"https://xdzvk.sharepoint.com/sites/eCommerce","parameters/method":"PATCH","parameters/uri":"_api/web/lists/getbytitle('@{outputs('ListName')}')/items(@{outputs('Get_item')?['body/ID']})","parameters/headers":{"Accept":"application/json; odata=verbose","Content-Type":"application/json; odata=verbose","IF-MATCH":"*","X-HTTP-Method":"Merge"},"parameters/body":"{\n'__metadata': { 'type': '@{outputs('List_metadata')}'},\n'PATrigger': 'No',\n'PAStage':'Complete',\n'PAStatus':'@{outputs('Signatories_Approval_2')?['body/outcome']}',\n'ApproverComments':'@{variables('varApproverComments')}',\n'SignatoryApproverStatus':'Approve',\n'Duration':'@{outputs('DaysDiff_2')}'\n}"},"authentication":"@parameters('$authentication')"}},"TodayDate_2":{"runAfter":{"CreatedDate_2":["Succeeded"]},"metadata":{"operationMetadataId":"c8ceaa7b-57da-4a64-ae74-d2dbe80610f5"},"type":"Compose","inputs":"@ticks(formatDateTime(utcNow(), 'yyyy/MM/dd'))"},"Set_variable_7":{"runAfter":{"TodayDate_2":["Succeeded"]},"metadata":{"operationMetadataId":"379d6ba9-334b-4669-b93b-da9661c031b2"},"type":"SetVariable","inputs":{"name":"DiffinTicks","value":"@sub(outputs('TodayDate_2'), outputs('CreatedDate_2'))"}},"DaysDiff_2":{"runAfter":{"Set_variable_7":["Succeeded"]},"metadata":{"operationMetadataId":"cc9961bb-5b30-4e64-9023-a7d42cf4d1e3"},"type":"Compose","inputs":"@div(variables('DiffinTicks'), 864000000000)"}},"runAfter":{"Signatory_Approval-_ApproverComments_2":["Succeeded"]},"else":{"actions":{"Signatory_-_Reject_2":{"runAfter":{},"metadata":{"operationMetadataId":"879f9b4a-15cf-422e-a6fa-9e45b4820053"},"type":"OpenApiConnection","inputs":{"host":{"apiId":"/providers/Microsoft.PowerApps/apis/shared_sharepointonline","connectionName":"shared_sharepointonline","operationId":"HttpRequest"},"parameters":{"dataset":"https://xdzvk.sharepoint.com/sites/eCommerce","parameters/method":"PATCH","parameters/uri":"_api/web/lists/getbytitle('@{outputs('ListName')}')/items(@{outputs('Get_item')?['body/ID']})","parameters/headers":{"Accept":"application/json; odata=verbose","Content-Type":"application/json; odata=verbose","IF-MATCH":"*","X-HTTP-Method":"Merge"},"parameters/body":"{\n'__metadata': { 'type': '@{outputs('List_metadata')}'},\n'PATrigger': 'No',\n'PAStage':'Signatory',\n'LegalApproverStatus':'Reject',\n'FinanceApproverStatus':'Reject',\n'PAStatus':'@{outputs('Signatories_Approval_2')?['body/outcome']}',\n'SignatoryApproverStatus':'Reject',\n'ApproverComments':'@{variables('varApproverComments')}'\n}"},"authentication":"@parameters('$authentication')"}}}},"expression":{"equals":["@outputs('Signatories_Approval_2')?['body/outcome']","Approve"]},"metadata":{"operationMetadataId":"9e5d6108-8660-4b8a-848a-b32c375bb80f"},"type":"If"},"Compose_3":{"runAfter":{"Get_item_3":["Succeeded"]},"metadata":{"operationMetadataId":"10f93723-81c8-4a3e-aecb-8e9599fb7002"},"type":"Compose","inputs":"@outputs('Get_item_3')?['body/Signatories_x0020_Approver_x0020']"},"Get_item_3":{"runAfter":{"Signatories_Master_List_2":["Succeeded"]},"metadata":{"operationMetadataId":"05bf11fd-957d-4a12-a322-a683c0c10569"},"type":"OpenApiConnection","inputs":{"host":{"apiId":"/providers/Microsoft.PowerApps/apis/shared_sharepointonline","connectionName":"shared_sharepointonline","operationId":"GetItem"},"parameters":{"dataset":"https://xdzvk.sharepoint.com/sites/eCommerce","table":"d415a42a-6fc2-495f-a0be-7601ae172189","id":"@outputs('Get_item')?['body/ID']"},"authentication":"@parameters('$authentication')"}},"Signatory_Approval-_ApproverComments_2":{"runAfter":{"Signatories_Approval_2":["Succeeded"]},"metadata":{"operationMetadataId":"ab8bb557-9eb7-4d3c-8ba9-d21888345a19"},"type":"AppendToStringVariable","inputs":{"name":"varApproverComments","value":"@outputs('Signatories_Approval_2')?['body/responseSummary']"}}},"runAfter":{"Legal_Approval_2":["Succeeded"],"Finance_Approval_3":["Succeeded"]},"expression":{"and":[{"equals":["@variables('varFinanceApproverOutcome')","Approve"]},{"equals":["@variables('varLegalApproverOutcome')","Approve"]}]},"metadata":{"operationMetadataId":"d59436ea-78c3-450d-b8b9-e60221338e20"},"type":"If"}},"runAfter":{},"else":{"actions":{"CostCenter__and_Finance_eq_Approve__and__Legal_eq_Reject":{"actions":{"Legal_Approval_3":{"foreach":"@outputs('Get_items')?['body/value']","actions":{"Legal_Approval__3":{"runAfter":{},"metadata":{"operationMetadataId":"04da0667-f708-4ea4-b343-d57e3fd3b139"},"type":"OpenApiConnectionWebhook","inputs":{"host":{"apiId":"/providers/Microsoft.PowerApps/apis/shared_approvals","connectionName":"shared_approvals","operationId":"StartAndWaitForAnApproval"},"parameters":{"approvalType":"Basic","WebhookApprovalCreationInput/title":"Legal Approval","WebhookApprovalCreationInput/assignedTo":"@{outputs('Compose_2')};","WebhookApprovalCreationInput/details":"#### Please review the details below for legal approval.\n**Request Type :** @{outputs('Get_item')?['body/Request_x0020_Type/Value']}\n**vendor :** @{outputs('Get_item')?['body/Vendor/Value']}\n**Target contract Start date :** @{outputs('Get_item')?['body/Target_x0020_Contract_x0020_Star']}\n**Target contract End date :** @{outputs('Get_item')?['body/Target_x0020_Contract_x0020_End_']}\n**Target contract / End date :** @{outputs('Get_item')?['body/Project_x0020__x002f__x0020_Init/Value']}\n**Project / Initiative :** @{outputs('Get_item')?['body/Project_x0020__x002f__x0020_Init/Value']}\n**Total Contract Value (in USD) :** @{outputs('Get_item')?['body/Total_x0020_Contract_x0020_Value']}\n**WBS Code # :** @{outputs('Get_item')?['body/WBS_x0020_Code_x0020__x0023_/Value']}\n**Item link :** [@{outputs('Get_item')?['body/ID']}-@{outputs('Get_item')?['body/Title']}](@{outputs('Get_item')?['body/{Link}']})","WebhookApprovalCreationInput/itemLink":"@outputs('Get_item')?['body/{Link}']","WebhookApprovalCreationInput/enableNotifications":true,"WebhookApprovalCreationInput/enableReassignment":false,"WebhookApprovalCreationInput/attachments":"@variables('varAttachmentArray')"},"authentication":"@parameters('$authentication')"}},"Legal_Approval_OutCome_3":{"runAfter":{"Legal_Approval-_ApproverComments_3":["Succeeded"]},"cases":{"Approve":{"case":"Approve","actions":{"Legal_-_Approve_3":{"runAfter":{},"metadata":{"operationMetadataId":"879f9b4a-15cf-422e-a6fa-9e45b4820053"},"type":"OpenApiConnection","inputs":{"host":{"apiId":"/providers/Microsoft.PowerApps/apis/shared_sharepointonline","connectionName":"shared_sharepointonline","operationId":"HttpRequest"},"parameters":{"dataset":"https://xdzvk.sharepoint.com/sites/eCommerce","parameters/method":"PATCH","parameters/uri":"_api/web/lists/getbytitle('@{outputs('ListName')}')/items(@{outputs('Get_item')?['body/ID']})","parameters/headers":{"Accept":"application/json; odata=verbose","Content-Type":"application/json; odata=verbose","IF-MATCH":"*","X-HTTP-Method":"Merge"},"parameters/body":"{\n'__metadata': { 'type': '@{outputs('List_metadata')}'},\n'PATrigger': 'No',\n'PAStage':'Legal',\n'PAStatus':'@{outputs('Legal_Approval__3')?['body/outcome']}',\n'LegalApproverStatus':'Approve',\n'ApproverComments':'@{variables('varApproverComments')}'\n}"},"authentication":"@parameters('$authentication')"}}}},"Reject":{"case":"Reject","actions":{"Legal_-Reject_3":{"runAfter":{},"metadata":{"operationMetadataId":"879f9b4a-15cf-422e-a6fa-9e45b4820053"},"type":"OpenApiConnection","inputs":{"host":{"apiId":"/providers/Microsoft.PowerApps/apis/shared_sharepointonline","connectionName":"shared_sharepointonline","operationId":"HttpRequest"},"parameters":{"dataset":"https://xdzvk.sharepoint.com/sites/eCommerce","parameters/method":"PATCH","parameters/uri":"_api/web/lists/getbytitle('@{outputs('ListName')}')/items(@{outputs('Get_item')?['body/ID']})","parameters/headers":{"Accept":"application/json; odata=verbose","Content-Type":"application/json; odata=verbose","IF-MATCH":"*","X-HTTP-Method":"Merge"},"parameters/body":"{\n'__metadata': { 'type': '@{outputs('List_metadata')}'},\n'PATrigger': 'No',\n'PAStage':'Legal',\n'LegalApproverStatus':'Reject',\n'PAStatus':'@{outputs('Legal_Approval__3')?['body/outcome']}',\n'ApproverComments':'@{variables('varApproverComments')}'\n}"},"authentication":"@parameters('$authentication')"}}}}},"default":{"actions":{}},"expression":"@outputs('Legal_Approval__3')?['body/outcome']","metadata":{"operationMetadataId":"09549dde-a524-48dd-a18b-77120dcaa461"},"type":"Switch"},"Set_variable_8":{"runAfter":{"Legal_Approval_OutCome_3":["Succeeded"]},"metadata":{"operationMetadataId":"b7614d44-36f1-4c4b-b890-dfc071afafa1"},"type":"SetVariable","inputs":{"name":"varLegalApproverOutcome","value":"@outputs('Legal_Approval__3')?['body/outcome']"}},"Legal_Approval-_ApproverComments_3":{"runAfter":{"Legal_Approval__3":["Succeeded"]},"metadata":{"operationMetadataId":"ab8bb557-9eb7-4d3c-8ba9-d21888345a19"},"type":"AppendToStringVariable","inputs":{"name":"varApproverComments","value":"@outputs('Legal_Approval__3')?['body/responseSummary']"}}},"runAfter":{},"metadata":{"operationMetadataId":"fbb654a1-23a4-4dbe-abae-abfe492ad198"},"type":"Foreach"},"Condition_3":{"actions":{"Send_an_email_(V2)_3":{"runAfter":{},"metadata":{"operationMetadataId":"22717990-bd2f-4ab7-bc90-6918b848b932"},"type":"OpenApiConnection","inputs":{"host":{"apiId":"/providers/Microsoft.PowerApps/apis/shared_office365","connectionName":"shared_office365","operationId":"SendEmailV2"},"parameters":{"emailMessage/To":"ChennareddyA@xdzvk.onmicrosoft.com","emailMessage/Subject":"@{outputs('Get_item')?['body/ID']}- Approved","emailMessage/Body":"<p>@{outputs('Get_item')?['body/ID']}- please approve&nbsp;</p>","emailMessage/Cc":"goutham.thoutu@xdzvk.onmicrosoft.com","emailMessage/Importance":"Normal"},"authentication":"@parameters('$authentication')"}},"Signatories_Master_List_3":{"runAfter":{"Send_an_email_(V2)_3":["Succeeded"]},"metadata":{"operationMetadataId":"879f9b4a-15cf-422e-a6fa-9e45b4820053"},"type":"OpenApiConnection","inputs":{"host":{"apiId":"/providers/Microsoft.PowerApps/apis/shared_sharepointonline","connectionName":"shared_sharepointonline","operationId":"HttpRequest"},"parameters":{"dataset":"@outputs('SiteUrl')","parameters/method":"PATCH","parameters/uri":"_api/web/lists/getbytitle('@{outputs('ListName')}')/items(@{outputs('Get_item')?['body/ID']})","parameters/headers":{"Accept":"application/json; odata=verbose","Content-Type":"application/json; odata=verbose","IF-MATCH":"*","X-HTTP-Method":"Merge"},"parameters/body":"{\n'__metadata': { 'type': '@{outputs('List_metadata')}'},\n'PATrigger': 'No',\n'PAStage':'Signatory',\n'PAStatus':'Pending for Signatory',\n'ApproverComments':'@{variables('varApproverComments')}'\n}"},"authentication":"@parameters('$authentication')"}},"Signatories_Approval_3":{"runAfter":{"Compose_4":["Succeeded"]},"metadata":{"operationMetadataId":"04da0667-f708-4ea4-b343-d57e3fd3b139"},"type":"OpenApiConnectionWebhook","inputs":{"host":{"apiId":"/providers/Microsoft.PowerApps/apis/shared_approvals","connectionName":"shared_approvals","operationId":"StartAndWaitForAnApproval"},"parameters":{"approvalType":"Basic","WebhookApprovalCreationInput/title":"Signatories Approval","WebhookApprovalCreationInput/assignedTo":"@{outputs('Compose_4')};","WebhookApprovalCreationInput/details":"#### Please review the details below for signatories approval.\n**Request Type :** @{outputs('Get_item')?['body/Request_x0020_Type/Value']}\n**vendor :** @{outputs('Get_item')?['body/Vendor/Value']}\n**Target contract Start date :** @{outputs('Get_item')?['body/Target_x0020_Contract_x0020_Star']}\n**Target contract End date :** @{outputs('Get_item')?['body/Target_x0020_Contract_x0020_End_']}\n**Target contract / End date :** @{outputs('Get_item')?['body/Project_x0020__x002f__x0020_Init/Value']}\n**Project / Initiative :** @{outputs('Get_item')?['body/Project_x0020__x002f__x0020_Init/Value']}\n**Total Contract Value (in USD) :** @{outputs('Get_item')?['body/Total_x0020_Contract_x0020_Value']}\n**WBS Code # :** @{outputs('Get_item')?['body/WBS_x0020_Code_x0020__x0023_/Value']}\n**Item link :** [@{outputs('Get_item')?['body/ID']}-@{outputs('Get_item')?['body/Title']}](@{outputs('Get_item')?['body/{Link}']})","WebhookApprovalCreationInput/itemLink":"@outputs('Get_item')?['body/{Link}']","WebhookApprovalCreationInput/enableNotifications":true,"WebhookApprovalCreationInput/enableReassignment":false,"WebhookApprovalCreationInput/attachments":"@variables('varAttachmentArray')"},"authentication":"@parameters('$authentication')"}},"Signatory_Outcome_3":{"actions":{"CreatedDate_3":{"runAfter":{},"metadata":{"operationMetadataId":"863a69a8-e005-44b4-8bf7-946a970103e4"},"type":"Compose","inputs":"@ticks(formatDateTime(outputs('Get_item')?['body/Created'], 'yyyy/MM/dd'))"},"Signatory_-_Approve_3":{"runAfter":{"DaysDiff_3":["Succeeded"]},"metadata":{"operationMetadataId":"879f9b4a-15cf-422e-a6fa-9e45b4820053"},"type":"OpenApiConnection","inputs":{"host":{"apiId":"/providers/Microsoft.PowerApps/apis/shared_sharepointonline","connectionName":"shared_sharepointonline","operationId":"HttpRequest"},"parameters":{"dataset":"https://xdzvk.sharepoint.com/sites/eCommerce","parameters/method":"PATCH","parameters/uri":"_api/web/lists/getbytitle('@{outputs('ListName')}')/items(@{outputs('Get_item')?['body/ID']})","parameters/headers":{"Accept":"application/json; odata=verbose","Content-Type":"application/json; odata=verbose","IF-MATCH":"*","X-HTTP-Method":"Merge"},"parameters/body":"{\n'__metadata': { 'type': '@{outputs('List_metadata')}'},\n'PATrigger': 'No',\n'PAStage':'Complete',\n'PAStatus':'@{outputs('Signatories_Approval_3')?['body/outcome']}',\n'SignatoryApproverStatus':'Approve',\n'ApproverComments':'@{variables('varApproverComments')}',\n'Duration':'@{outputs('DaysDiff_3')}'\n}"},"authentication":"@parameters('$authentication')"}},"TodayDate_3":{"runAfter":{"CreatedDate_3":["Succeeded"]},"metadata":{"operationMetadataId":"9b5fc4bb-91f8-42b5-bb4e-a55ded01d231"},"type":"Compose","inputs":"@ticks(formatDateTime(utcNow(), 'yyyy/MM/dd'))"},"Set_variable_10":{"runAfter":{"TodayDate_3":["Succeeded"]},"metadata":{"operationMetadataId":"cd7ba8df-eeec-4d3e-8253-4c92c053b379"},"type":"SetVariable","inputs":{"name":"DiffinTicks","value":"@sub(outputs('TodayDate_3'), outputs('CreatedDate_3'))"}},"DaysDiff_3":{"runAfter":{"Set_variable_10":["Succeeded"]},"metadata":{"operationMetadataId":"4d0f763c-377c-464b-b310-6ec0f885d73c"},"type":"Compose","inputs":"@div(variables('DiffinTicks'), 864000000000)"}},"runAfter":{"Signatory_Approval-_ApproverComments_3":["Succeeded"]},"else":{"actions":{"Signatory_-_Reject_3":{"runAfter":{},"metadata":{"operationMetadataId":"879f9b4a-15cf-422e-a6fa-9e45b4820053"},"type":"OpenApiConnection","inputs":{"host":{"apiId":"/providers/Microsoft.PowerApps/apis/shared_sharepointonline","connectionName":"shared_sharepointonline","operationId":"HttpRequest"},"parameters":{"dataset":"https://xdzvk.sharepoint.com/sites/eCommerce","parameters/method":"PATCH","parameters/uri":"_api/web/lists/getbytitle('@{outputs('ListName')}')/items(@{outputs('Get_item')?['body/ID']})","parameters/headers":{"Accept":"application/json; odata=verbose","Content-Type":"application/json; odata=verbose","IF-MATCH":"*","X-HTTP-Method":"Merge"},"parameters/body":"{\n'__metadata': { 'type': '@{outputs('List_metadata')}'},\n'PATrigger': 'No',\n'PAStage':'Signatory',\n'PAStatus':'@{outputs('Signatories_Approval_3')?['body/outcome']}',\n'SignatoryApproverStatus':'Reject',\n'LegalApproverStatus':'Reject',\n'FinanceApproverStatus':'Reject',\n'ApproverComments':'@{variables('varApproverComments')}'\n}"},"authentication":"@parameters('$authentication')"}}}},"expression":{"equals":["@outputs('Signatories_Approval_3')?['body/outcome']","Approve"]},"metadata":{"operationMetadataId":"c58349c8-8555-4414-b607-a07564dacdbb"},"type":"If"},"Compose_4":{"runAfter":{"Get_item_4":["Succeeded"]},"metadata":{"operationMetadataId":"c237010a-454a-4c20-bb83-1d8a5eeb156a"},"type":"Compose","inputs":"@outputs('Get_item_4')?['body/Signatories_x0020_Approver_x0020']"},"Get_item_4":{"runAfter":{"Signatories_Master_List_3":["Succeeded"]},"metadata":{"operationMetadataId":"06ace921-feaf-45de-8fab-bdcb11f1577b"},"type":"OpenApiConnection","inputs":{"host":{"apiId":"/providers/Microsoft.PowerApps/apis/shared_sharepointonline","connectionName":"shared_sharepointonline","operationId":"GetItem"},"parameters":{"dataset":"https://xdzvk.sharepoint.com/sites/eCommerce","table":"d415a42a-6fc2-495f-a0be-7601ae172189","id":"@outputs('Get_item')?['body/ID']"},"authentication":"@parameters('$authentication')"}},"Signatory_Approval-_ApproverComments_3":{"runAfter":{"Signatories_Approval_3":["Succeeded"]},"metadata":{"operationMetadataId":"ab8bb557-9eb7-4d3c-8ba9-d21888345a19"},"type":"AppendToStringVariable","inputs":{"name":"varApproverComments","value":"@outputs('Signatories_Approval_3')?['body/responseSummary']"}}},"runAfter":{"Legal_Approval_3":["Succeeded"]},"expression":{"and":[{"equals":["@variables('varLegalApproverOutcome')","Approve"]},{"equals":["@outputs('Get_item')?['body/FinanceApproverStatus/Value']","Approve"]}]},"metadata":{"operationMetadataId":"71b3bb9f-279a-4090-acf3-2ee64402d986"},"type":"If"}},"runAfter":{},"else":{"actions":{"Cost_Center__and_Legal_eq_Approve__and__Finance_eq_Reject_":{"actions":{"Finance_Approval_2":{"foreach":"@outputs('Get_items')?['body/value']","actions":{"Finance_Approval__2":{"runAfter":{},"metadata":{"operationMetadataId":"04da0667-f708-4ea4-b343-d57e3fd3b139"},"type":"OpenApiConnectionWebhook","inputs":{"host":{"apiId":"/providers/Microsoft.PowerApps/apis/shared_approvals","connectionName":"shared_approvals","operationId":"StartAndWaitForAnApproval"},"parameters":{"approvalType":"Basic","WebhookApprovalCreationInput/title":"Finance Approval","WebhookApprovalCreationInput/assignedTo":"@{outputs('Finance_-_Compose')};","WebhookApprovalCreationInput/details":"#### Please review the details below for finance approval.\n**Request Type :** @{outputs('Get_item')?['body/Request_x0020_Type/Value']}\n**vendor :** @{outputs('Get_item')?['body/Vendor/Value']}\n**Target contract Start date :** @{outputs('Get_item')?['body/Target_x0020_Contract_x0020_Star']}\n**Target contract End date :** @{outputs('Get_item')?['body/Target_x0020_Contract_x0020_End_']}\n**Target contract / End date :** @{outputs('Get_item')?['body/Project_x0020__x002f__x0020_Init/Value']}\n**Project / Initiative :** @{outputs('Get_item')?['body/Project_x0020__x002f__x0020_Init/Value']}\n**Total Contract Value (in USD) :** @{outputs('Get_item')?['body/Total_x0020_Contract_x0020_Value']}\n**WBS Code # :** @{outputs('Get_item')?['body/WBS_x0020_Code_x0020__x0023_/Value']}\n**Item link :** [@{outputs('Get_item')?['body/ID']}-@{outputs('Get_item')?['body/Title']}](@{outputs('Get_item')?['body/{Link}']})","WebhookApprovalCreationInput/itemLink":"@outputs('Get_item')?['body/{Link}']","WebhookApprovalCreationInput/enableNotifications":true,"WebhookApprovalCreationInput/enableReassignment":false,"WebhookApprovalCreationInput/attachments":"@variables('varAttachmentArray')"},"authentication":"@parameters('$authentication')"}},"Finance_Approval_OutCome_2":{"runAfter":{"Finance_Approval-_ApproverComments_2":["Succeeded"]},"cases":{"Approve":{"case":"Approve","actions":{"Finance_-_Approve_2":{"runAfter":{},"metadata":{"operationMetadataId":"879f9b4a-15cf-422e-a6fa-9e45b4820053"},"type":"OpenApiConnection","inputs":{"host":{"apiId":"/providers/Microsoft.PowerApps/apis/shared_sharepointonline","connectionName":"shared_sharepointonline","operationId":"HttpRequest"},"parameters":{"dataset":"https://xdzvk.sharepoint.com/sites/eCommerce","parameters/method":"PATCH","parameters/uri":"_api/web/lists/getbytitle('@{outputs('ListName')}')/items(@{outputs('Get_item')?['body/ID']})","parameters/headers":{"Accept":"application/json; odata=verbose","Content-Type":"application/json; odata=verbose","IF-MATCH":"*","X-HTTP-Method":"Merge"},"parameters/body":"{\n'__metadata': { 'type': '@{outputs('List_metadata')}'},\n'PATrigger': 'No',\n'PAStage':'Finance',\n'PAStatus':'@{outputs('Finance_Approval__2')?['body/outcome']}',\n'FinanceApproverStatus':'Approve',\n'ApproverComments':'@{variables('varApproverComments')}'\n}"},"authentication":"@parameters('$authentication')"}}}},"Reject":{"case":"Reject","actions":{"Finance_-Reject_2":{"runAfter":{},"metadata":{"operationMetadataId":"879f9b4a-15cf-422e-a6fa-9e45b4820053"},"type":"OpenApiConnection","inputs":{"host":{"apiId":"/providers/Microsoft.PowerApps/apis/shared_sharepointonline","connectionName":"shared_sharepointonline","operationId":"HttpRequest"},"parameters":{"dataset":"https://xdzvk.sharepoint.com/sites/eCommerce","parameters/method":"PATCH","parameters/uri":"_api/web/lists/getbytitle('@{outputs('ListName')}')/items(@{outputs('Get_item')?['body/ID']})","parameters/headers":{"Accept":"application/json; odata=verbose","Content-Type":"application/json; odata=verbose","IF-MATCH":"*","X-HTTP-Method":"Merge"},"parameters/body":"{\n'__metadata': { 'type': '@{outputs('List_metadata')}'},\n'PATrigger': 'No',\n'PAStage':'Finance',\n'FinanceApproverStatus':'Reject',\n'PAStatus':'@{outputs('Finance_Approval__2')?['body/outcome']}',\n'ApproverComments':'@{variables('varApproverComments')}'\n}"},"authentication":"@parameters('$authentication')"}}}}},"default":{"actions":{}},"expression":"@outputs('Finance_Approval__2')?['body/outcome']","metadata":{"operationMetadataId":"09549dde-a524-48dd-a18b-77120dcaa461"},"type":"Switch"},"Set_variable_4":{"runAfter":{"Finance_Approval_OutCome_2":["Succeeded"]},"metadata":{"operationMetadataId":"08a34454-c810-47cf-b7d9-3a943060fb49"},"type":"SetVariable","inputs":{"name":"varFinanceApproverOutcome","value":"@outputs('Finance_Approval__2')?['body/outcome']"}},"Finance_Approval-_ApproverComments_2":{"runAfter":{"Finance_Approval__2":["Succeeded"]},"metadata":{"operationMetadataId":"ab8bb557-9eb7-4d3c-8ba9-d21888345a19"},"type":"AppendToStringVariable","inputs":{"name":"varApproverComments","value":"@outputs('Finance_Approval__2')?['body/responseSummary']"}}},"runAfter":{},"metadata":{"operationMetadataId":"fbb654a1-23a4-4dbe-abae-abfe492ad198"},"type":"Foreach"},"Condition_4":{"actions":{"Send_an_email_(V2)_4":{"runAfter":{},"metadata":{"operationMetadataId":"b4cc2992-e230-4d2e-b28b-35715ba512a5"},"type":"OpenApiConnection","inputs":{"host":{"apiId":"/providers/Microsoft.PowerApps/apis/shared_office365","connectionName":"shared_office365","operationId":"SendEmailV2"},"parameters":{"emailMessage/To":"ChennareddyA@xdzvk.onmicrosoft.com","emailMessage/Subject":"@{outputs('Get_item')?['body/ID']}- Approved","emailMessage/Body":"<p>@{outputs('Get_item')?['body/ID']}- please approve&nbsp;</p>","emailMessage/Cc":"goutham.thoutu@xdzvk.onmicrosoft.com","emailMessage/Importance":"Normal"},"authentication":"@parameters('$authentication')"}},"Signatories_Master_List_4":{"runAfter":{"Send_an_email_(V2)_4":["Succeeded"]},"metadata":{"operationMetadataId":"879f9b4a-15cf-422e-a6fa-9e45b4820053"},"type":"OpenApiConnection","inputs":{"host":{"apiId":"/providers/Microsoft.PowerApps/apis/shared_sharepointonline","connectionName":"shared_sharepointonline","operationId":"HttpRequest"},"parameters":{"dataset":"@outputs('SiteUrl')","parameters/method":"PATCH","parameters/uri":"_api/web/lists/getbytitle('@{outputs('ListName')}')/items(@{outputs('Get_item')?['body/ID']})","parameters/headers":{"Accept":"application/json; odata=verbose","Content-Type":"application/json; odata=verbose","IF-MATCH":"*","X-HTTP-Method":"Merge"},"parameters/body":"{\n'__metadata': { 'type': '@{outputs('List_metadata')}'},\n'PATrigger': 'No',\n'PAStage':'Signatory',\n'PAStatus':'Pending for Signatory',\n'ApproverComments':'@{variables('varApproverComments')}'\n}"},"authentication":"@parameters('$authentication')"}},"Signatories_Approval_4":{"runAfter":{"Compose_5":["Succeeded"]},"metadata":{"operationMetadataId":"04da0667-f708-4ea4-b343-d57e3fd3b139"},"type":"OpenApiConnectionWebhook","inputs":{"host":{"apiId":"/providers/Microsoft.PowerApps/apis/shared_approvals","connectionName":"shared_approvals","operationId":"StartAndWaitForAnApproval"},"parameters":{"approvalType":"Basic","WebhookApprovalCreationInput/title":"Signatories Approval","WebhookApprovalCreationInput/assignedTo":"@{outputs('Compose_5')};","WebhookApprovalCreationInput/details":"#### Please review the details below for signatories approval.\n**Request Type :** @{outputs('Get_item')?['body/Request_x0020_Type/Value']}\n**vendor :** @{outputs('Get_item')?['body/Vendor/Value']}\n**Target contract Start date :** @{outputs('Get_item')?['body/Target_x0020_Contract_x0020_Star']}\n**Target contract End date :** @{outputs('Get_item')?['body/Target_x0020_Contract_x0020_End_']}\n**Target contract / End date :** @{outputs('Get_item')?['body/Project_x0020__x002f__x0020_Init/Value']}\n**Project / Initiative :** @{outputs('Get_item')?['body/Project_x0020__x002f__x0020_Init/Value']}\n**Total Contract Value (in USD) :** @{outputs('Get_item')?['body/Total_x0020_Contract_x0020_Value']}\n**WBS Code # :** @{outputs('Get_item')?['body/WBS_x0020_Code_x0020__x0023_/Value']}\n**Item link :** [@{outputs('Get_item')?['body/ID']}-@{outputs('Get_item')?['body/Title']}](@{outputs('Get_item')?['body/{Link}']})","WebhookApprovalCreationInput/itemLink":"@outputs('Get_item')?['body/{Link}']","WebhookApprovalCreationInput/enableNotifications":true,"WebhookApprovalCreationInput/enableReassignment":false,"WebhookApprovalCreationInput/attachments":"@variables('varAttachmentArray')"},"authentication":"@parameters('$authentication')"}},"Signatory_Outcome_4":{"actions":{"CreatedDate_4":{"runAfter":{},"metadata":{"operationMetadataId":"dad7596a-31d1-48e0-bc78-7ff755f54292"},"type":"Compose","inputs":"@ticks(formatDateTime(outputs('Get_item')?['body/Created'], 'yyyy/MM/dd'))"},"Signatory_-_Approve_4":{"runAfter":{"DaysDiff_4":["Succeeded"]},"metadata":{"operationMetadataId":"879f9b4a-15cf-422e-a6fa-9e45b4820053"},"type":"OpenApiConnection","inputs":{"host":{"apiId":"/providers/Microsoft.PowerApps/apis/shared_sharepointonline","connectionName":"shared_sharepointonline","operationId":"HttpRequest"},"parameters":{"dataset":"https://xdzvk.sharepoint.com/sites/eCommerce","parameters/method":"PATCH","parameters/uri":"_api/web/lists/getbytitle('@{outputs('ListName')}')/items(@{outputs('Get_item')?['body/ID']})","parameters/headers":{"Accept":"application/json; odata=verbose","Content-Type":"application/json; odata=verbose","IF-MATCH":"*","X-HTTP-Method":"Merge"},"parameters/body":"{\n'__metadata': { 'type': '@{outputs('List_metadata')}'},\n'PATrigger': 'No',\n'PAStage':'Complete',\n'SignatoryApproverStatus':'Approve',\n'PAStatus':'@{outputs('Signatories_Approval_4')?['body/outcome']}',\n'ApproverComments':'@{variables('varApproverComments')}',\n'Duration':'@{outputs('DaysDiff_4')}'\n}"},"authentication":"@parameters('$authentication')"}},"TodayDate_4":{"runAfter":{"CreatedDate_4":["Succeeded"]},"metadata":{"operationMetadataId":"2eaa6721-0894-4a3b-8691-4d760065a385"},"type":"Compose","inputs":"@ticks(formatDateTime(utcNow(), 'yyyy/MM/dd'))"},"Set_variable_11":{"runAfter":{"TodayDate_4":["Succeeded"]},"metadata":{"operationMetadataId":"4a130e53-5ce4-42da-b4de-d4cdef7b9eea"},"type":"SetVariable","inputs":{"name":"DiffinTicks","value":"@sub(outputs('TodayDate_4'), outputs('CreatedDate_4'))"}},"DaysDiff_4":{"runAfter":{"Set_variable_11":["Succeeded"]},"metadata":{"operationMetadataId":"b2be9c63-efa0-4b83-9f92-0c493a4ba7e4"},"type":"Compose","inputs":"@div(variables('DiffinTicks'), 864000000000)"}},"runAfter":{"Signatory_Approval-_ApproverComments_4":["Succeeded"]},"else":{"actions":{"Signatory_-_Reject_4":{"runAfter":{},"metadata":{"operationMetadataId":"879f9b4a-15cf-422e-a6fa-9e45b4820053"},"type":"OpenApiConnection","inputs":{"host":{"apiId":"/providers/Microsoft.PowerApps/apis/shared_sharepointonline","connectionName":"shared_sharepointonline","operationId":"HttpRequest"},"parameters":{"dataset":"https://xdzvk.sharepoint.com/sites/eCommerce","parameters/method":"PATCH","parameters/uri":"_api/web/lists/getbytitle('@{outputs('ListName')}')/items(@{outputs('Get_item')?['body/ID']})","parameters/headers":{"Accept":"application/json; odata=verbose","Content-Type":"application/json; odata=verbose","IF-MATCH":"*","X-HTTP-Method":"Merge"},"parameters/body":"{\n'__metadata': { 'type': '@{outputs('List_metadata')}'},\n'PATrigger': 'No',\n'PAStage':'Signatory',\n'PAStatus':'@{outputs('Signatories_Approval_4')?['body/outcome']}',\n'SignatoryApproverStatus':'Reject',\n'LegalApproverStatus':'Reject',\n'FinanceApproverStatus':'Reject',\n'ApproverComments':'@{variables('varApproverComments')}'\n}"},"authentication":"@parameters('$authentication')"}}}},"expression":{"equals":["@outputs('Signatories_Approval_4')?['body/outcome']","Approve"]},"metadata":{"operationMetadataId":"c5e538dc-9e86-4842-abaa-bd5ca3f35b90"},"type":"If"},"Compose_5":{"runAfter":{"Get_item_5":["Succeeded"]},"metadata":{"operationMetadataId":"88fac43c-765a-436b-9b57-dc581f7e8020"},"type":"Compose","inputs":"@outputs('Get_item_5')?['body/Signatories_x0020_Approver_x0020']"},"Get_item_5":{"runAfter":{"Signatories_Master_List_4":["Succeeded"]},"metadata":{"operationMetadataId":"ef453e69-94a0-4efd-bdbf-6d867a6aa9ba"},"type":"OpenApiConnection","inputs":{"host":{"apiId":"/providers/Microsoft.PowerApps/apis/shared_sharepointonline","connectionName":"shared_sharepointonline","operationId":"GetItem"},"parameters":{"dataset":"https://xdzvk.sharepoint.com/sites/eCommerce","table":"d415a42a-6fc2-495f-a0be-7601ae172189","id":"@outputs('Get_item')?['body/ID']"},"authentication":"@parameters('$authentication')"}},"Signatory_Approval-_ApproverComments_4":{"runAfter":{"Signatories_Approval_4":["Succeeded"]},"metadata":{"operationMetadataId":"ab8bb557-9eb7-4d3c-8ba9-d21888345a19"},"type":"AppendToStringVariable","inputs":{"name":"varApproverComments","value":"@outputs('Signatories_Approval_4')?['body/responseSummary']"}}},"runAfter":{"Finance_Approval_2":["Succeeded"]},"expression":{"and":[{"equals":["@variables('varFinanceApproverOutcome')","Approve"]},{"equals":["@outputs('Get_item')?['body/LegalApproverStatus/Value']","Approve"]}]},"metadata":{"operationMetadataId":"879ef815-bb94-4a0b-b887-e59dc64c72d2"},"type":"If"}},"runAfter":{},"expression":{"and":[{"equals":["@outputs('Get_item')?['body/Cost_x0020_Center_x0020_Owner_x0/Value']","Approve"]},{"equals":["@outputs('Get_item')?['body/LegalApproverStatus/Value']","Approve"]},{"or":[{"equals":["@outputs('Get_item')?['body/FinanceApproverStatus/Value']","Reject"]},{"equals":["@outputs('Get_item')?['body/FinanceApproverStatus/Value']","@null"]}]}]},"metadata":{"operationMetadataId":"2705d69a-3883-4d05-b2d0-84dad4320b35"},"type":"If"}}},"expression":{"and":[{"equals":["@outputs('Get_item')?['body/Cost_x0020_Center_x0020_Owner_x0/Value']","Approve"]},{"equals":["@outputs('Get_item')?['body/FinanceApproverStatus/Value']","Approve"]},{"equals":["@outputs('Get_item')?['body/LegalApproverStatus/Value']","Reject"]}]},"metadata":{"operationMetadataId":"48da96b5-2948-4ae0-9cf8-8d7bc9437c40"},"type":"If"}}},"expression":{"and":[{"equals":["@outputs('Get_item')?['body/Cost_x0020_Center_x0020_Owner_x0/Value']","Approve"]},{"equals":["@outputs('Get_item')?['body/LegalApproverStatus/Value']","Reject"]},{"equals":["@outputs('Get_item')?['body/FinanceApproverStatus/Value']","Reject"]},{"or":[{"equals":["@outputs('Get_item')?['body/SignatoryApproverStatus/Value']","@null"]},{"equals":["@outputs('Get_item')?['body/SignatoryApproverStatus/Value']","Reject"]}]}]},"metadata":{"operationMetadataId":"a0cbb3ec-7a09-481b-8c50-b1d413517f00"},"type":"If"}}},"expression":{"or":[{"equals":["@outputs('Get_item')?['body/Cost_x0020_Center_x0020_Owner_x0/Value']","Reject"]},{"equals":["@outputs('Get_item')?['body/Cost_x0020_Center_x0020_Owner_x0/Value']","@null"]}]},"metadata":{"operationMetadataId":"906f4b35-903a-44eb-829c-ad959521ecf9"},"type":"If"}}},"connectionReferences":{"shared_sharepointonline":{"connectionName":"ca9dbfa3f1f340ee98194551e38796b7","source":"Embedded","id":"/providers/Microsoft.PowerApps/apis/shared_sharepointonline","tier":"NotSpecified"},"shared_approvals":{"connectionName":"shared-approvals-17799045-41aa-4677-97e4-99543a1c7c18","source":"Embedded","id":"/providers/Microsoft.PowerApps/apis/shared_approvals","tier":"NotSpecified"},"shared_office365":{"connectionName":"shared-office365-a9f06d7a-50c5-41f3-83cd-3eb21b1a03b7","source":"Embedded","id":"/providers/Microsoft.PowerApps/apis/shared_office365","tier":"NotSpecified"}},"flowFailureAlertSubscribed":false,"isManaged":false}}