{"schemaVersion":"1.0","appDefinitionTemplate":{"id":"/providers/Microsoft.PowerApps/apps/","type":"Microsoft.PowerApps/apps","tags":{"primaryDeviceWidth":"1366","primaryDeviceHeight":"768","supportsPortrait":"true","supportsLandscape":"true","primaryFormFactor":"Tablet","showStatusBar":"false","publisherVersion":"3.23084.14","minimumRequiredApiVersion":"2.2.0","hasComponent":"false","hasUnlockedComponent":"false","isUnifiedRootApp":"false","sienaVersion":"20230917T161056Z-3.23084.14.0"},"properties":{"appVersion":"2023-09-17T16:10:56Z","lifeCycleId":"Published","createdByClientVersion":{"major":3,"minor":23084,"build":14,"revision":0,"majorRevision":0,"minorRevision":0},"minClientVersion":{"major":3,"minor":23084,"build":14,"revision":0,"majorRevision":0,"minorRevision":0},"backgroundColor":"RGBA(0,176,240,1)","backgroundImageUri":"/5470692161973369408/N3157783e-a0fc-465a-b4e7-b3e61e4e169a-logoSmallFile","displayName":"Leave - copy","description":"","commitMessage":"","appUris":{"documentUri":{"value":"/5470692161973369408/N64e23f72-1622-4e7c-9d4f-de8d1f019daf-document.msapp"},"imageUris":[],"additionalUris":[]},"createdTime":"0001-01-01T00:00:00Z","lastModifiedTime":"0001-01-01T00:00:00Z","sharedGroupsCount":0,"sharedUsersCount":0,"connectionReferences":{"9554e3cd-6bc8-483a-b9e1-04b78555daba":{"id":"316fed8a-a694-4d06-9467-6745e2584a63","displayName":"SharePoint","iconUri":"https://connectoricons-prod.azureedge.net/u/henryorsborn/partial-builds/asev3migrations-with-resourceTemplate/1.0.1653.3403/sharepointonline/icon.png","dataSources":["Leaves","Approvers","Leaves_1","Approvers_1"],"dependencies":[],"dependents":[],"parameterHints":{},"parameterHintsV2":{},"isOnPremiseConnection":false,"dataSets":{"https://xdzvk.sharepoint.com/sites/LeaveApplication":{"dataSources":{"Leaves":{"tableName":"439287d6-d445-4d4e-a6de-20b6e31244a7"},"Approvers":{"tableName":"faa2f469-c2dc-4f85-9196-d819e477c015"},"Leaves_1":{"tableName":"439287d6-d445-4d4e-a6de-20b6e31244a7"},"Approvers_1":{"tableName":"faa2f469-c2dc-4f85-9196-d819e477c015"}}}},"apiTier":"Standard","isCustomApiConnection":false,"actions":["providers/PowerPlatform.Governance/Operations/Read","providers/PowerPlatform.Governance/Operations/Write"]}},"databaseReferences":{},"almMode":"Environment","performanceOptimizationEnabled":true,"canConsumeAppPass":true,"enableModernRuntimeMode":false,"executionRestrictions":{"isTeamsOnly":false,"dataLossPreventionEvaluationResult":{"status":"Compliant","lastEvaluationDate":"2023-09-17T16:10:58.3124274Z","violations":[],"violationsByPolicy":[],"violationErrorMessage":"The app uses the following connectors: shared_sharepointonline."}}},"appType":"ClassicCanvasApp","appComponents":[]}}